model_id,model_name,plot_type,year,x_label,y_label,x_value,y_value,fitted_value,line_type,plot_note
gdp_per_capita_only,GDP per capita only,driver_vs_usage,1992,GDP per capita growth,Refined usage growth,0.00411755631710542,0.028685032661175835,0.023372009824132792,regression,Annual 1992-2024 sample.
gdp_per_capita_only,GDP per capita only,driver_vs_usage,1993,GDP per capita growth,Refined usage growth,0.002538366432938144,0.011595803423522844,0.022636654665542086,regression,Annual 1992-2024 sample.
gdp_per_capita_only,GDP per capita only,driver_vs_usage,1994,GDP per capita growth,Refined usage growth,0.018408755956979883,0.051673944687045115,0.030026755705545874,regression,Annual 1992-2024 sample.
gdp_per_capita_only,GDP per capita only,driver_vs_usage,1995,GDP per capita growth,Refined usage growth,0.016370998736031428,0.041782006920415116,0.029077867101709558,regression,Annual 1992-2024 sample.
gdp_per_capita_only,GDP per capita only,driver_vs_usage,1996,GDP per capita growth,Refined usage growth,0.020540061275504007,0.03703396163746575,0.031019205300253712,regression,Annual 1992-2024 sample.
gdp_per_capita_only,GDP per capita only,driver_vs_usage,1997,GDP per capita growth,Refined usage growth,0.024856003587079734,0.047481783969893554,0.03302893856590889,regression,Annual 1992-2024 sample.
gdp_per_capita_only,GDP per capita only,driver_vs_usage,1998,GDP per capita growth,Refined usage growth,0.013142226561406734,0.02736584620088678,0.027574378320323147,regression,Annual 1992-2024 sample.
gdp_per_capita_only,GDP per capita only,driver_vs_usage,1999,GDP per capita growth,Refined usage growth,0.021413164242259253,0.05825892857142856,0.03142576867621079,regression,Annual 1992-2024 sample.
gdp_per_capita_only,GDP per capita only,driver_vs_usage,2000,GDP per capita growth,Refined usage growth,0.03150826034473431,0.06320748084089156,0.03612658462611695,regression,Annual 1992-2024 sample.
gdp_per_capita_only,GDP per capita only,driver_vs_usage,2001,GDP per capita growth,Refined usage growth,0.006703952055993945,-0.012167702684830028,0.02457637382609169,regression,Annual 1992-2024 sample.
gdp_per_capita_only,GDP per capita only,driver_vs_usage,2002,GDP per capita growth,Refined usage growth,0.009858851196750562,0.0130539563529255,0.026045463377163708,regression,Annual 1992-2024 sample.
gdp_per_capita_only,GDP per capita only,driver_vs_usage,2003,GDP per capita growth,Refined usage growth,0.017525395943624344,0.03356902134408246,0.029615416100836914,regression,Annual 1992-2024 sample.
gdp_per_capita_only,GDP per capita only,driver_vs_usage,2004,GDP per capita growth,Refined usage growth,0.031594456277662,0.07045585320631664,0.03616672205643069,regression,Annual 1992-2024 sample.
gdp_per_capita_only,GDP per capita only,driver_vs_usage,2005,GDP per capita growth,Refined usage growth,0.02744758129807079,-0.011407752493579393,0.03423571557086095,regression,Annual 1992-2024 sample.
gdp_per_capita_only,GDP per capita only,driver_vs_usage,2006,GDP per capita growth,Refined usage growth,0.03169185469845259,0.022051715804736638,0.036212075963446576,regression,Annual 1992-2024 sample.
gdp_per_capita_only,GDP per capita only,driver_vs_usage,2007,GDP per capita growth,Refined usage growth,0.03122547247623575,0.06555535851510319,0.03599490349012935,regression,Annual 1992-2024 sample.
gdp_per_capita_only,GDP per capita only,driver_vs_usage,2008,GDP per capita growth,Refined usage growth,0.00805663557268188,-0.008265838233662448,0.025206255521706536,regression,Annual 1992-2024 sample.
gdp_per_capita_only,GDP per capita only,driver_vs_usage,2009,GDP per capita growth,Refined usage growth,-0.02561171259309225,-0.0003915645801868539,0.009528474304164527,regression,Annual 1992-2024 sample.
gdp_per_capita_only,GDP per capita only,driver_vs_usage,2010,GDP per capita growth,Refined usage growth,0.032564264737529935,0.07084499160604363,0.036618316675265807,regression,Annual 1992-2024 sample.
gdp_per_capita_only,GDP per capita only,driver_vs_usage,2011,GDP per capita growth,Refined usage growth,0.020628309319326688,0.029943561872909807,0.031060298303008577,regression,Annual 1992-2024 sample.
gdp_per_capita_only,GDP per capita only,driver_vs_usage,2012,GDP per capita growth,Refined usage growth,0.014620598769095716,0.03906844588766556,0.028262787383818686,regression,Annual 1992-2024 sample.
gdp_per_capita_only,GDP per capita only,driver_vs_usage,2013,GDP per capita growth,Refined usage growth,0.01630461859275445,0.04536354314175495,0.029046956961468598,regression,Annual 1992-2024 sample.
gdp_per_capita_only,GDP per capita only,driver_vs_usage,2014,GDP per capita growth,Refined usage growth,0.019320820594449728,0.06997384155455899,0.030451461716428964,regression,Annual 1992-2024 sample.
gdp_per_capita_only,GDP per capita only,driver_vs_usage,2015,GDP per capita growth,Refined usage growth,0.019138081464998624,0.006111935737361351,0.030366368617197832,regression,Annual 1992-2024 sample.
gdp_per_capita_only,GDP per capita only,driver_vs_usage,2016,GDP per capita growth,Refined usage growth,0.015999816724986182,0.01909225028204453,0.028905024931597682,regression,Annual 1992-2024 sample.
gdp_per_capita_only,GDP per capita only,driver_vs_usage,2017,GDP per capita growth,Refined usage growth,0.022840083999171812,0.008345397257940812,0.03209021873041941,regression,Annual 1992-2024 sample.
gdp_per_capita_only,GDP per capita only,driver_vs_usage,2018,GDP per capita growth,Refined usage growth,0.021811664626976368,0.03365425217464746,0.03161133174024766,regression,Annual 1992-2024 sample.
gdp_per_capita_only,GDP per capita only,driver_vs_usage,2019,GDP per capita growth,Refined usage growth,0.016108457911460983,-0.005228971771722657,0.028955614070820663,regression,Annual 1992-2024 sample.
gdp_per_capita_only,GDP per capita only,driver_vs_usage,2020,GDP per capita growth,Refined usage growth,-0.03834623076585675,0.02472177733973968,0.0035986024601288406,regression,Annual 1992-2024 sample.
gdp_per_capita_only,GDP per capita only,driver_vs_usage,2021,GDP per capita growth,Refined usage growth,0.05601633183035726,0.012263054542539953,0.047538851747854494,regression,Annual 1992-2024 sample.
gdp_per_capita_only,GDP per capita only,driver_vs_usage,2022,GDP per capita growth,Refined usage growth,0.025467925580479278,0.023674729799279426,0.033313882130335745,regression,Annual 1992-2024 sample.
gdp_per_capita_only,GDP per capita only,driver_vs_usage,2023,GDP per capita growth,Refined usage growth,0.01910599628373899,0.028889662373825287,0.030351428043052735,regression,Annual 1992-2024 sample.
gdp_per_capita_only,GDP per capita only,driver_vs_usage,2024,GDP per capita growth,Refined usage growth,0.019144296216821566,0.02815366110359352,0.030369262537592194,regression,Annual 1992-2024 sample.
world_gdp_annual,World real GDP only,driver_vs_usage,1961,World real GDP growth,Refined usage growth,0.039138180754848984,0.06585056986070081,0.03484911214456239,regression,Annual 1961-2024 sample with intercept.
world_gdp_annual,World real GDP only,driver_vs_usage,1962,World real GDP growth,Refined usage growth,0.053211915500134266,-0.0003960396039603964,0.05422969255723753,regression,Annual 1961-2024 sample with intercept.
world_gdp_annual,World real GDP only,driver_vs_usage,1963,World real GDP growth,Refined usage growth,0.050194857425174044,0.08954041204437391,0.05007497899401184,regression,Annual 1961-2024 sample with intercept.
world_gdp_annual,World real GDP only,driver_vs_usage,1964,World real GDP growth,Refined usage growth,0.06629732895062146,0.09000000000000008,0.0722492809749619,regression,Annual 1961-2024 sample with intercept.
world_gdp_annual,World real GDP only,driver_vs_usage,1965,World real GDP growth,Refined usage growth,0.056309478459598106,0.03302752293577971,0.058495267339320436,regression,Annual 1961-2024 sample with intercept.
world_gdp_annual,World real GDP only,driver_vs_usage,1966,World real GDP growth,Refined usage growth,0.054188856654234785,0.04069110285806565,0.0555750132512942,regression,Annual 1961-2024 sample with intercept.
world_gdp_annual,World real GDP only,driver_vs_usage,1967,World real GDP growth,Refined usage growth,0.03738066011348962,-0.03878975950349106,0.032428875389126005,regression,Annual 1961-2024 sample with intercept.
world_gdp_annual,World real GDP only,driver_vs_usage,1968,World real GDP growth,Refined usage growth,0.05947222989110856,0.052945924132364874,0.0628506115001322,regression,Annual 1961-2024 sample with intercept.
world_gdp_annual,World real GDP only,driver_vs_usage,1969,World real GDP growth,Refined usage growth,0.05961314480553259,0.0941284684960908,0.06304466182719659,regression,Annual 1961-2024 sample with intercept.
world_gdp_annual,World real GDP only,driver_vs_usage,1970,World real GDP growth,Refined usage growth,0.0376536422839322,0.021577693708841217,0.03280479215899844,regression,Annual 1961-2024 sample with intercept.
world_gdp_annual,World real GDP only,driver_vs_usage,1971,World real GDP growth,Refined usage growth,0.04108978445058975,0.0006857769853243489,0.03753661571369486,regression,Annual 1961-2024 sample with intercept.
world_gdp_annual,World real GDP only,driver_vs_usage,1972,World real GDP growth,Refined usage growth,0.055377617784956756,0.08854166666666674,0.057212025821332724,regression,Annual 1961-2024 sample with intercept.
world_gdp_annual,World real GDP only,driver_vs_usage,1973,World real GDP growth,Refined usage growth,0.06457727016825676,0.1004784688995215,0.06988063198807415,regression,Annual 1961-2024 sample with intercept.
world_gdp_annual,World real GDP only,driver_vs_usage,1974,World real GDP growth,Refined usage growth,0.019919071030607416,-0.04919908466819223,0.008382967356984183,regression,Annual 1961-2024 sample with intercept.
world_gdp_annual,World real GDP only,driver_vs_usage,1975,World real GDP growth,Refined usage growth,0.008144832816052272,-0.10409145607701564,-0.00783103515515091,regression,Annual 1961-2024 sample with intercept.
world_gdp_annual,World real GDP only,driver_vs_usage,1976,World real GDP growth,Refined usage growth,0.052212033859154516,0.14694425789120213,0.05285278110502635,regression,Annual 1961-2024 sample with intercept.
world_gdp_annual,World real GDP only,driver_vs_usage,1977,World real GDP growth,Refined usage growth,0.039414487575763824,0.060662841082093966,0.035229607205626734,regression,Annual 1961-2024 sample with intercept.
world_gdp_annual,World real GDP only,driver_vs_usage,1978,World real GDP growth,Refined usage growth,0.04137116820103337,0.051893562989952624,0.037924102084654035,regression,Annual 1961-2024 sample with intercept.
world_gdp_annual,World real GDP only,driver_vs_usage,1979,World real GDP growth,Refined usage growth,0.04140877320686265,0.03369371260627685,0.03797588697704997,regression,Annual 1961-2024 sample with intercept.
world_gdp_annual,World real GDP only,driver_vs_usage,1980,World real GDP growth,Refined usage growth,0.01815328330445709,-0.04589764419171405,0.00595134621037734,regression,Annual 1961-2024 sample with intercept.
world_gdp_annual,World real GDP only,driver_vs_usage,1981,World real GDP growth,Refined usage growth,0.01888174920877428,0.013409961685823646,0.006954497988638682,regression,Annual 1961-2024 sample with intercept.
world_gdp_annual,World real GDP only,driver_vs_usage,1982,World real GDP growth,Refined usage growth,0.004110996849695292,-0.04536862003780717,-0.013385927565192409,regression,Annual 1961-2024 sample with intercept.
world_gdp_annual,World real GDP only,driver_vs_usage,1983,World real GDP growth,Refined usage growth,0.02576875451990479,0.0462046204620461,0.016438416980333454,regression,Annual 1961-2024 sample with intercept.
world_gdp_annual,World real GDP only,driver_vs_usage,1984,World real GDP growth,Refined usage growth,0.04728119481887516,0.04416403785488954,0.046062648688035515,regression,Annual 1961-2024 sample with intercept.
world_gdp_annual,World real GDP only,driver_vs_usage,1985,World real GDP growth,Refined usage growth,0.03659925628606664,-0.013293051359516639,0.031352824149975256,regression,Annual 1961-2024 sample with intercept.
world_gdp_annual,World real GDP only,driver_vs_usage,1986,World real GDP growth,Refined usage growth,0.03305047278635298,0.03204735660338853,0.026465885094482836,regression,Annual 1961-2024 sample with intercept.
world_gdp_annual,World real GDP only,driver_vs_usage,1987,World real GDP growth,Refined usage growth,0.03751407205045498,0.017899525316455778,0.03261259355769773,regression,Annual 1961-2024 sample with intercept.
world_gdp_annual,World real GDP only,driver_vs_usage,1988,World real GDP growth,Refined usage growth,0.04529175124832108,0.036432526960070044,0.04332303679443211,regression,Annual 1961-2024 sample with intercept.
world_gdp_annual,World real GDP only,driver_vs_usage,1989,World real GDP growth,Refined usage growth,0.03638243262582708,0.038713910761154935,0.0310542418291701,regression,Annual 1961-2024 sample with intercept.
world_gdp_annual,World real GDP only,driver_vs_usage,1990,World real GDP growth,Refined usage growth,0.027083566103490275,-0.01759768973919318,0.018249010407336303,regression,Annual 1961-2024 sample with intercept.
world_gdp_annual,World real GDP only,driver_vs_usage,1991,World real GDP growth,Refined usage growth,0.012251812675762475,-0.029671137240492418,-0.002175418159028719,regression,Annual 1961-2024 sample with intercept.
world_gdp_annual,World real GDP only,driver_vs_usage,1992,World real GDP growth,Refined usage growth,0.0206322489260804,0.028685032661175835,0.009365066409006383,regression,Annual 1961-2024 sample with intercept.
world_gdp_annual,World real GDP only,driver_vs_usage,1993,World real GDP growth,Refined usage growth,0.018580269912708225,0.011595803423522844,0.006539338555417006,regression,Annual 1961-2024 sample with intercept.
world_gdp_annual,World real GDP only,driver_vs_usage,1994,World real GDP growth,Refined usage growth,0.034162275853171,0.051673944687045115,0.027996920681660136,regression,Annual 1961-2024 sample with intercept.
world_gdp_annual,World real GDP only,driver_vs_usage,1995,World real GDP growth,Refined usage growth,0.0317807321635466,0.041782006920415116,0.024717357735617906,regression,Annual 1961-2024 sample with intercept.
world_gdp_annual,World real GDP only,driver_vs_usage,1996,World real GDP growth,Refined usage growth,0.03586234018001111,0.03703396163746575,0.030338035814875427,regression,Annual 1961-2024 sample with intercept.
world_gdp_annual,World real GDP only,driver_vs_usage,1997,World real GDP growth,Refined usage growth,0.039967891563929436,0.047481783969893554,0.03599168569349448,regression,Annual 1961-2024 sample with intercept.
world_gdp_annual,World real GDP only,driver_vs_usage,1998,World real GDP growth,Refined usage growth,0.027812528220544586,0.02736584620088678,0.01925284550747543,regression,Annual 1961-2024 sample with intercept.
world_gdp_annual,World real GDP only,driver_vs_usage,1999,World real GDP growth,Refined usage growth,0.03578568191207454,0.05825892857142856,0.030232471673378534,regression,Annual 1961-2024 sample with intercept.
world_gdp_annual,World real GDP only,driver_vs_usage,2000,World real GDP growth,Refined usage growth,0.04567201860180714,0.06320748084089156,0.04384669324781387,regression,Annual 1961-2024 sample with intercept.
world_gdp_annual,World real GDP only,driver_vs_usage,2001,World real GDP growth,Refined usage growth,0.020299444759142693,-0.012167702684830028,0.008906770296727422,regression,Annual 1961-2024 sample with intercept.
world_gdp_annual,World real GDP only,driver_vs_usage,2002,World real GDP growth,Refined usage growth,0.023189153527320983,0.0130539563529255,0.012886114384454615,regression,Annual 1961-2024 sample with intercept.
world_gdp_annual,World real GDP only,driver_vs_usage,2003,World real GDP growth,Refined usage growth,0.030741631839529493,0.03356902134408246,0.023286439237370903,regression,Annual 1961-2024 sample with intercept.
world_gdp_annual,World real GDP only,driver_vs_usage,2004,World real GDP growth,Refined usage growth,0.04495378597550359,0.07045585320631664,0.04285763345515678,regression,Annual 1961-2024 sample with intercept.
world_gdp_annual,World real GDP only,driver_vs_usage,2005,World real GDP growth,Refined usage growth,0.04059151393905025,-0.011407752493579393,0.03685046012735406,regression,Annual 1961-2024 sample with intercept.
world_gdp_annual,World real GDP only,driver_vs_usage,2006,World real GDP growth,Refined usage growth,0.04489135105412356,0.022051715804736638,0.04277165592067397,regression,Annual 1961-2024 sample with intercept.
world_gdp_annual,World real GDP only,driver_vs_usage,2007,World real GDP growth,Refined usage growth,0.04431233768352816,0.06555535851510319,0.0419743114068023,regression,Annual 1961-2024 sample with intercept.
world_gdp_annual,World real GDP only,driver_vs_usage,2008,World real GDP growth,Refined usage growth,0.020916044806491785,-0.008265838233662448,0.00975587446249349,regression,Annual 1961-2024 sample with intercept.
world_gdp_annual,World real GDP only,driver_vs_usage,2009,World real GDP growth,Refined usage growth,-0.013330381419250692,-0.0003915645801868539,-0.03740400380202292,regression,Annual 1961-2024 sample with intercept.
world_gdp_annual,World real GDP only,driver_vs_usage,2010,World real GDP growth,Refined usage growth,0.04520852138737874,0.07084499160604363,0.04320842308016774,regression,Annual 1961-2024 sample with intercept.
world_gdp_annual,World real GDP only,driver_vs_usage,2011,World real GDP growth,Refined usage growth,0.033143183931066966,0.029943561872909807,0.026593555242300743,regression,Annual 1961-2024 sample with intercept.
world_gdp_annual,World real GDP only,driver_vs_usage,2012,World real GDP growth,Refined usage growth,0.027474335944348116,0.03906844588766556,0.0187871295676488,regression,Annual 1961-2024 sample with intercept.
world_gdp_annual,World real GDP only,driver_vs_usage,2013,World real GDP growth,Refined usage growth,0.02889747656173225,0.04536354314175495,0.02074690013835655,regression,Annual 1961-2024 sample with intercept.
world_gdp_annual,World real GDP only,driver_vs_usage,2014,World real GDP growth,Refined usage growth,0.031684919305836834,0.06997384155455899,0.024585416298108977,regression,Annual 1961-2024 sample with intercept.
world_gdp_annual,World real GDP only,driver_vs_usage,2015,World real GDP growth,Refined usage growth,0.03127213256999117,0.006111935737361351,0.02401697823442993,regression,Annual 1961-2024 sample with intercept.
world_gdp_annual,World real GDP only,driver_vs_usage,2016,World real GDP growth,Refined usage growth,0.027897407423459253,0.01909225028204453,0.019369730488415022,regression,Annual 1961-2024 sample with intercept.
world_gdp_annual,World real GDP only,driver_vs_usage,2017,World real GDP growth,Refined usage growth,0.03446586231679527,0.008345397257940812,0.028414981841469972,regression,Annual 1961-2024 sample with intercept.
world_gdp_annual,World real GDP only,driver_vs_usage,2018,World real GDP growth,Refined usage growth,0.03286630864628037,0.03365425217464746,0.026212277364167754,regression,Annual 1961-2024 sample with intercept.
world_gdp_annual,World real GDP only,driver_vs_usage,2019,World real GDP growth,Refined usage growth,0.026803087475530507,-0.005228971771722657,0.01786277045741597,regression,Annual 1961-2024 sample with intercept.
world_gdp_annual,World real GDP only,driver_vs_usage,2020,World real GDP growth,Refined usage growth,-0.028862118545708748,0.02472177733973968,-0.05879236202930102,regression,Annual 1961-2024 sample with intercept.
world_gdp_annual,World real GDP only,driver_vs_usage,2021,World real GDP growth,Refined usage growth,0.0648508887596746,0.012263054542539953,0.07025742515700556,regression,Annual 1961-2024 sample with intercept.
world_gdp_annual,World real GDP only,driver_vs_usage,2022,World real GDP growth,Refined usage growth,0.03440010972656471,0.023674729799279426,0.028324435630008086,regression,Annual 1961-2024 sample with intercept.
world_gdp_annual,World real GDP only,driver_vs_usage,2023,World real GDP growth,Refined usage growth,0.028593849333597543,0.028889662373825287,0.02032878284278129,regression,Annual 1961-2024 sample with intercept.
world_gdp_annual,World real GDP only,driver_vs_usage,2024,World real GDP growth,Refined usage growth,0.02900013401567203,0.02815366110359352,0.02088826709439549,regression,Annual 1961-2024 sample with intercept.
world_gdp_annual_no_intercept,World GDP rule-of-thumb,driver_vs_usage,1961,World real GDP growth,Refined usage growth,0.039138180754848984,0.06585056986070081,0.03644571960938726,regression,Annual 1961-2024 sample; line forced through zero.
world_gdp_annual_no_intercept,World GDP rule-of-thumb,driver_vs_usage,1962,World real GDP growth,Refined usage growth,0.053211915500134266,-0.0003960396039603964,0.04955126975226174,regression,Annual 1961-2024 sample; line forced through zero.
world_gdp_annual_no_intercept,World GDP rule-of-thumb,driver_vs_usage,1963,World real GDP growth,Refined usage growth,0.050194857425174044,0.08954041204437391,0.04674176633323492,regression,Annual 1961-2024 sample; line forced through zero.
world_gdp_annual_no_intercept,World GDP rule-of-thumb,driver_vs_usage,1964,World real GDP growth,Refined usage growth,0.06629732895062146,0.09000000000000008,0.061736488901219626,regression,Annual 1961-2024 sample; line forced through zero.
world_gdp_annual_no_intercept,World GDP rule-of-thumb,driver_vs_usage,1965,World real GDP growth,Refined usage growth,0.056309478459598106,0.03302752293577971,0.05243573982510886,regression,Annual 1961-2024 sample; line forced through zero.
world_gdp_annual_no_intercept,World GDP rule-of-thumb,driver_vs_usage,1966,World real GDP growth,Refined usage growth,0.054188856654234785,0.04069110285806565,0.05046100348772178,regression,Annual 1961-2024 sample; line forced through zero.
world_gdp_annual_no_intercept,World GDP rule-of-thumb,driver_vs_usage,1967,World real GDP growth,Refined usage growth,0.03738066011348962,-0.03878975950349106,0.03480910535529324,regression,Annual 1961-2024 sample; line forced through zero.
world_gdp_annual_no_intercept,World GDP rule-of-thumb,driver_vs_usage,1968,World real GDP growth,Refined usage growth,0.05947222989110856,0.052945924132364874,0.055380913812347325,regression,Annual 1961-2024 sample; line forced through zero.
world_gdp_annual_no_intercept,World GDP rule-of-thumb,driver_vs_usage,1969,World real GDP growth,Refined usage growth,0.05961314480553259,0.0941284684960908,0.05551213466525431,regression,Annual 1961-2024 sample; line forced through zero.
world_gdp_annual_no_intercept,World GDP rule-of-thumb,driver_vs_usage,1970,World real GDP growth,Refined usage growth,0.0376536422839322,0.021577693708841217,0.03506330806605873,regression,Annual 1961-2024 sample; line forced through zero.
world_gdp_annual_no_intercept,World GDP rule-of-thumb,driver_vs_usage,1971,World real GDP growth,Refined usage growth,0.04108978445058975,0.0006857769853243489,0.03826306522208029,regression,Annual 1961-2024 sample; line forced through zero.
world_gdp_annual_no_intercept,World GDP rule-of-thumb,driver_vs_usage,1972,World real GDP growth,Refined usage growth,0.055377617784956756,0.08854166666666674,0.05156798531511454,regression,Annual 1961-2024 sample; line forced through zero.
world_gdp_annual_no_intercept,World GDP rule-of-thumb,driver_vs_usage,1973,World real GDP growth,Refined usage growth,0.06457727016825676,0.1004784688995215,0.060134759365388785,regression,Annual 1961-2024 sample; line forced through zero.
world_gdp_annual_no_intercept,World GDP rule-of-thumb,driver_vs_usage,1974,World real GDP growth,Refined usage growth,0.019919071030607416,-0.04919908466819223,0.018548763985945967,regression,Annual 1961-2024 sample; line forced through zero.
world_gdp_annual_no_intercept,World GDP rule-of-thumb,driver_vs_usage,1975,World real GDP growth,Refined usage growth,0.008144832816052272,-0.10409145607701564,0.007584519447608712,regression,Annual 1961-2024 sample; line forced through zero.
world_gdp_annual_no_intercept,World GDP rule-of-thumb,driver_vs_usage,1976,World real GDP growth,Refined usage growth,0.052212033859154516,0.14694425789120213,0.04862017369141055,regression,Annual 1961-2024 sample; line forced through zero.
world_gdp_annual_no_intercept,World GDP rule-of-thumb,driver_vs_usage,1977,World real GDP growth,Refined usage growth,0.039414487575763824,0.060662841082093966,0.03670301825554305,regression,Annual 1961-2024 sample; line forced through zero.
world_gdp_annual_no_intercept,World GDP rule-of-thumb,driver_vs_usage,1978,World real GDP growth,Refined usage growth,0.04137116820103337,0.051893562989952624,0.038525091536883785,regression,Annual 1961-2024 sample; line forced through zero.
world_gdp_annual_no_intercept,World GDP rule-of-thumb,driver_vs_usage,1979,World real GDP growth,Refined usage growth,0.04140877320686265,0.03369371260627685,0.038560109554377955,regression,Annual 1961-2024 sample; line forced through zero.
world_gdp_annual_no_intercept,World GDP rule-of-thumb,driver_vs_usage,1980,World real GDP growth,Refined usage growth,0.01815328330445709,-0.04589764419171405,0.01690445137059787,regression,Annual 1961-2024 sample; line forced through zero.
world_gdp_annual_no_intercept,World GDP rule-of-thumb,driver_vs_usage,1981,World real GDP growth,Refined usage growth,0.01888174920877428,0.013409961685823646,0.01758280339365284,regression,Annual 1961-2024 sample; line forced through zero.
world_gdp_annual_no_intercept,World GDP rule-of-thumb,driver_vs_usage,1982,World real GDP growth,Refined usage growth,0.004110996849695292,-0.04536862003780717,0.003828186073275931,regression,Annual 1961-2024 sample; line forced through zero.
world_gdp_annual_no_intercept,World GDP rule-of-thumb,driver_vs_usage,1983,World real GDP growth,Refined usage growth,0.02576875451990479,0.0462046204620461,0.023996025972648823,regression,Annual 1961-2024 sample; line forced through zero.
world_gdp_annual_no_intercept,World GDP rule-of-thumb,driver_vs_usage,1984,World real GDP growth,Refined usage growth,0.04728119481887516,0.04416403785488954,0.04402854542369203,regression,Annual 1961-2024 sample; line forced through zero.
world_gdp_annual_no_intercept,World GDP rule-of-thumb,driver_vs_usage,1985,World real GDP growth,Refined usage growth,0.03659925628606664,-0.013293051359516639,0.034081457205923614,regression,Annual 1961-2024 sample; line forced through zero.
world_gdp_annual_no_intercept,World GDP rule-of-thumb,driver_vs_usage,1986,World real GDP growth,Refined usage growth,0.03305047278635298,0.03204735660338853,0.03077680773345267,regression,Annual 1961-2024 sample; line forced through zero.
world_gdp_annual_no_intercept,World GDP rule-of-thumb,driver_vs_usage,1987,World real GDP growth,Refined usage growth,0.03751407205045498,0.017899525316455778,0.03493333938849067,regression,Annual 1961-2024 sample; line forced through zero.
world_gdp_annual_no_intercept,World GDP rule-of-thumb,driver_vs_usage,1988,World real GDP growth,Refined usage growth,0.04529175124832108,0.036432526960070044,0.04217596308203249,regression,Annual 1961-2024 sample; line forced through zero.
world_gdp_annual_no_intercept,World GDP rule-of-thumb,driver_vs_usage,1989,World real GDP growth,Refined usage growth,0.03638243262582708,0.038713910761154935,0.033879549652395,regression,Annual 1961-2024 sample; line forced through zero.
world_gdp_annual_no_intercept,World GDP rule-of-thumb,driver_vs_usage,1990,World real GDP growth,Refined usage growth,0.027083566103490275,-0.01759768973919318,0.025220386773031556,regression,Annual 1961-2024 sample; line forced through zero.
world_gdp_annual_no_intercept,World GDP rule-of-thumb,driver_vs_usage,1991,World real GDP growth,Refined usage growth,0.012251812675762475,-0.029671137240492418,0.011408964874593816,regression,Annual 1961-2024 sample; line forced through zero.
world_gdp_annual_no_intercept,World GDP rule-of-thumb,driver_vs_usage,1992,World real GDP growth,Refined usage growth,0.0206322489260804,0.028685032661175835,0.019212879719194526,regression,Annual 1961-2024 sample; line forced through zero.
world_gdp_annual_no_intercept,World GDP rule-of-thumb,driver_vs_usage,1993,World real GDP growth,Refined usage growth,0.018580269912708225,0.011595803423522844,0.017302063980615675,regression,Annual 1961-2024 sample; line forced through zero.
world_gdp_annual_no_intercept,World GDP rule-of-thumb,driver_vs_usage,1994,World real GDP growth,Refined usage growth,0.034162275853171,0.051673944687045115,0.03181212572863276,regression,Annual 1961-2024 sample; line forced through zero.
world_gdp_annual_no_intercept,World GDP rule-of-thumb,driver_vs_usage,1995,World real GDP growth,Refined usage growth,0.0317807321635466,0.041782006920415116,0.029594417294681017,regression,Annual 1961-2024 sample; line forced through zero.
world_gdp_annual_no_intercept,World GDP rule-of-thumb,driver_vs_usage,1996,World real GDP growth,Refined usage growth,0.03586234018001111,0.03703396163746575,0.033395236301963636,regression,Annual 1961-2024 sample; line forced through zero.
world_gdp_annual_no_intercept,World GDP rule-of-thumb,driver_vs_usage,1997,World real GDP growth,Refined usage growth,0.039967891563929436,0.047481783969893554,0.03721835152332407,regression,Annual 1961-2024 sample; line forced through zero.
world_gdp_annual_no_intercept,World GDP rule-of-thumb,driver_vs_usage,1998,World real GDP growth,Refined usage growth,0.027812528220544586,0.02736584620088678,0.025899200872502318,regression,Annual 1961-2024 sample; line forced through zero.
world_gdp_annual_no_intercept,World GDP rule-of-thumb,driver_vs_usage,1999,World real GDP growth,Refined usage growth,0.03578568191207454,0.05825892857142856,0.033323851641637765,regression,Annual 1961-2024 sample; line forced through zero.
world_gdp_annual_no_intercept,World GDP rule-of-thumb,driver_vs_usage,2000,World real GDP growth,Refined usage growth,0.04567201860180714,0.06320748084089156,0.04253007042873229,regression,Annual 1961-2024 sample; line forced through zero.
world_gdp_annual_no_intercept,World GDP rule-of-thumb,driver_vs_usage,2001,World real GDP growth,Refined usage growth,0.020299444759142693,-0.012167702684830028,0.018902970389759365,regression,Annual 1961-2024 sample; line forced through zero.
world_gdp_annual_no_intercept,World GDP rule-of-thumb,driver_vs_usage,2002,World real GDP growth,Refined usage growth,0.023189153527320983,0.0130539563529255,0.021593885334873813,regression,Annual 1961-2024 sample; line forced through zero.
world_gdp_annual_no_intercept,World GDP rule-of-thumb,driver_vs_usage,2003,World real GDP growth,Refined usage growth,0.030741631839529493,0.03356902134408246,0.02862680054998961,regression,Annual 1961-2024 sample; line forced through zero.
world_gdp_annual_no_intercept,World GDP rule-of-thumb,driver_vs_usage,2004,World real GDP growth,Refined usage growth,0.04495378597550359,0.07045585320631664,0.041861247698403166,regression,Annual 1961-2024 sample; line forced through zero.
world_gdp_annual_no_intercept,World GDP rule-of-thumb,driver_vs_usage,2005,World real GDP growth,Refined usage growth,0.04059151393905025,-0.011407752493579393,0.03779907259383467,regression,Annual 1961-2024 sample; line forced through zero.
world_gdp_annual_no_intercept,World GDP rule-of-thumb,driver_vs_usage,2006,World real GDP growth,Refined usage growth,0.04489135105412356,0.022051715804736638,0.041803107907678,regression,Annual 1961-2024 sample; line forced through zero.
world_gdp_annual_no_intercept,World GDP rule-of-thumb,driver_vs_usage,2007,World real GDP growth,Refined usage growth,0.04431233768352816,0.06555535851510319,0.041263927022215104,regression,Annual 1961-2024 sample; line forced through zero.
world_gdp_annual_no_intercept,World GDP rule-of-thumb,driver_vs_usage,2008,World real GDP growth,Refined usage growth,0.020916044806491785,-0.008265838233662448,0.01947715222456618,regression,Annual 1961-2024 sample; line forced through zero.
world_gdp_annual_no_intercept,World GDP rule-of-thumb,driver_vs_usage,2009,World real GDP growth,Refined usage growth,-0.013330381419250692,-0.0003915645801868539,-0.012413334859260274,regression,Annual 1961-2024 sample; line forced through zero.
world_gdp_annual_no_intercept,World GDP rule-of-thumb,driver_vs_usage,2010,World real GDP growth,Refined usage growth,0.04520852138737874,0.07084499160604363,0.04209845891304638,regression,Annual 1961-2024 sample; line forced through zero.
world_gdp_annual_no_intercept,World GDP rule-of-thumb,driver_vs_usage,2011,World real GDP growth,Refined usage growth,0.033143183931066966,0.029943561872909807,0.03086314093340583,regression,Annual 1961-2024 sample; line forced through zero.
world_gdp_annual_no_intercept,World GDP rule-of-thumb,driver_vs_usage,2012,World real GDP growth,Refined usage growth,0.027474335944348116,0.03906844588766556,0.025584274101901467,regression,Annual 1961-2024 sample; line forced through zero.
world_gdp_annual_no_intercept,World GDP rule-of-thumb,driver_vs_usage,2013,World real GDP growth,Refined usage growth,0.02889747656173225,0.04536354314175495,0.026909511578594513,regression,Annual 1961-2024 sample; line forced through zero.
world_gdp_annual_no_intercept,World GDP rule-of-thumb,driver_vs_usage,2014,World real GDP growth,Refined usage growth,0.031684919305836834,0.06997384155455899,0.029505195760115142,regression,Annual 1961-2024 sample; line forced through zero.
world_gdp_annual_no_intercept,World GDP rule-of-thumb,driver_vs_usage,2015,World real GDP growth,Refined usage growth,0.03127213256999117,0.006111935737361351,0.02912080616042121,regression,Annual 1961-2024 sample; line forced through zero.
world_gdp_annual_no_intercept,World GDP rule-of-thumb,driver_vs_usage,2016,World real GDP growth,Refined usage growth,0.027897407423459253,0.01909225028204453,0.025978240919086827,regression,Annual 1961-2024 sample; line forced through zero.
world_gdp_annual_no_intercept,World GDP rule-of-thumb,driver_vs_usage,2017,World real GDP growth,Refined usage growth,0.03446586231679527,0.008345397257940812,0.03209482734932791,regression,Annual 1961-2024 sample; line forced through zero.
world_gdp_annual_no_intercept,World GDP rule-of-thumb,driver_vs_usage,2018,World real GDP growth,Refined usage growth,0.03286630864628037,0.03365425217464746,0.03060531293012412,regression,Annual 1961-2024 sample; line forced through zero.
world_gdp_annual_no_intercept,World GDP rule-of-thumb,driver_vs_usage,2019,World real GDP growth,Refined usage growth,0.026803087475530507,-0.005228971771722657,0.02495920331396695,regression,Annual 1961-2024 sample; line forced through zero.
world_gdp_annual_no_intercept,World GDP rule-of-thumb,driver_vs_usage,2020,World real GDP growth,Refined usage growth,-0.028862118545708748,0.02472177733973968,-0.026876585972112992,regression,Annual 1961-2024 sample; line forced through zero.
world_gdp_annual_no_intercept,World GDP rule-of-thumb,driver_vs_usage,2021,World real GDP growth,Refined usage growth,0.0648508887596746,0.012263054542539953,0.060389554715361574,regression,Annual 1961-2024 sample; line forced through zero.
world_gdp_annual_no_intercept,World GDP rule-of-thumb,driver_vs_usage,2022,World real GDP growth,Refined usage growth,0.03440010972656471,0.023674729799279426,0.03203359812454242,regression,Annual 1961-2024 sample; line forced through zero.
world_gdp_annual_no_intercept,World GDP rule-of-thumb,driver_vs_usage,2023,World real GDP growth,Refined usage growth,0.028593849333597543,0.028889662373825287,0.026626771997731342,regression,Annual 1961-2024 sample; line forced through zero.
world_gdp_annual_no_intercept,World GDP rule-of-thumb,driver_vs_usage,2024,World real GDP growth,Refined usage growth,0.02900013401567203,0.02815366110359352,0.027005106844136827,regression,Annual 1961-2024 sample; line forced through zero.
world_gdp_5y_cagr,"World GDP, 5-year CAGR",driver_vs_usage,1965,World real GDP 5-year CAGR,Refined usage 5-year CAGR,0.05299349991183622,0.05502124402709474,0.04492456275521815,regression,5-year overlapping CAGRs from 1965-2024.
world_gdp_5y_cagr,"World GDP, 5-year CAGR",driver_vs_usage,1966,World real GDP 5-year CAGR,Refined usage 5-year CAGR,0.05602625086395263,0.04999277019880233,0.047778695872955516,regression,5-year overlapping CAGRs from 1965-2024.
world_gdp_5y_cagr,"World GDP, 5-year CAGR",driver_vs_usage,1967,World real GDP 5-year CAGR,Refined usage 5-year CAGR,0.05283227696608228,0.041800095470019505,0.04477283524574549,regression,5-year overlapping CAGRs from 1965-2024.
world_gdp_5y_cagr,"World GDP, 5-year CAGR",driver_vs_usage,1968,World real GDP 5-year CAGR,Refined usage 5-year CAGR,0.054685872916777845,0.03470592935120376,0.04651726123828937,regression,5-year overlapping CAGRs from 1965-2024.
world_gdp_5y_cagr,"World GDP, 5-year CAGR",driver_vs_usage,1969,World real GDP 5-year CAGR,Refined usage 5-year CAGR,0.05336026552885609,0.03548855203958845,0.045269727231468104,regression,5-year overlapping CAGRs from 1965-2024.
world_gdp_5y_cagr,"World GDP, 5-year CAGR",driver_vs_usage,1970,World real GDP 5-year CAGR,Refined usage 5-year CAGR,0.049612948305799875,0.03318288573560313,0.0417431131580215,regression,5-year overlapping CAGRs from 1965-2024.
world_gdp_5y_cagr,"World GDP, 5-year CAGR",driver_vs_usage,1971,World real GDP 5-year CAGR,Refined usage 5-year CAGR,0.04699144343657791,0.025114509848817246,0.03927600524718736,regression,5-year overlapping CAGRs from 1965-2024.
world_gdp_5y_cagr,"World GDP, 5-year CAGR",driver_vs_usage,1972,World real GDP 5-year CAGR,Refined usage 5-year CAGR,0.050599231722219695,0.050939497385481536,0.04267130812250235,regression,5-year overlapping CAGRs from 1965-2024.
world_gdp_5y_cagr,"World GDP, 5-year CAGR",driver_vs_usage,1973,World real GDP 5-year CAGR,Refined usage 5-year CAGR,0.05160974313687672,0.0602610584631913,0.04362230414557227,regression,5-year overlapping CAGRs from 1965-2024.
world_gdp_5y_cagr,"World GDP, 5-year CAGR",driver_vs_usage,1974,World real GDP 5-year CAGR,Refined usage 5-year CAGR,0.04361010654092512,0.030901248065493325,0.036093816611033426,regression,5-year overlapping CAGRs from 1965-2024.
world_gdp_5y_cagr,"World GDP, 5-year CAGR",driver_vs_usage,1975,World real GDP 5-year CAGR,Refined usage 5-year CAGR,0.03760577201122106,0.004189141085643833,0.030443115217553315,regression,5-year overlapping CAGRs from 1965-2024.
world_gdp_5y_cagr,"World GDP, 5-year CAGR",driver_vs_usage,1976,World real GDP 5-year CAGR,Refined usage 5-year CAGR,0.03981336408330094,0.031963739636236,0.032520688266860456,regression,5-year overlapping CAGRs from 1965-2024.
world_gdp_5y_cagr,"World GDP, 5-year CAGR",driver_vs_usage,1977,World real GDP 5-year CAGR,Refined usage 5-year CAGR,0.03664861576808387,0.026622780704563143,0.029542331943384195,regression,5-year overlapping CAGRs from 1965-2024.
world_gdp_5y_cagr,"World GDP, 5-year CAGR",driver_vs_usage,1978,World real GDP 5-year CAGR,Refined usage 5-year CAGR,0.03208922524206126,0.017393471573623254,0.025251472686399087,regression,5-year overlapping CAGRs from 1965-2024.
world_gdp_5y_cagr,"World GDP, 5-year CAGR",driver_vs_usage,1979,World real GDP 5-year CAGR,Refined usage 5-year CAGR,0.03640225210906256,0.03454504083406351,0.02931047819432215,regression,5-year overlapping CAGRs from 1965-2024.
world_gdp_5y_cagr,"World GDP, 5-year CAGR",driver_vs_usage,1980,World real GDP 5-year CAGR,Refined usage 5-year CAGR,0.03845192458847757,0.047648658463199656,0.031239432531944493,regression,5-year overlapping CAGRs from 1965-2024.
world_gdp_5y_cagr,"World GDP, 5-year CAGR",driver_vs_usage,1981,World real GDP 5-year CAGR,Refined usage 5-year CAGR,0.03178806338594331,0.022031385476303678,0.024968048151738354,regression,5-year overlapping CAGRs from 1965-2024.
world_gdp_5y_cagr,"World GDP, 5-year CAGR",driver_vs_usage,1982,World real GDP 5-year CAGR,Refined usage 5-year CAGR,0.024681961122656748,0.0007276583743116571,0.018280469076535716,regression,5-year overlapping CAGRs from 1965-2024.
world_gdp_5y_cagr,"World GDP, 5-year CAGR",driver_vs_usage,1983,World real GDP 5-year CAGR,Refined usage 5-year CAGR,0.021592919215778217,-0.00035713544541771114,0.015373360333449528,regression,5-year overlapping CAGRs from 1965-2024.
world_gdp_5y_cagr,"World GDP, 5-year CAGR",driver_vs_usage,1984,World real GDP 5-year CAGR,Refined usage 5-year CAGR,0.022742465567510806,0.0016597937703635157,0.01645520264910836,regression,5-year overlapping CAGRs from 1965-2024.
world_gdp_5y_cagr,"World GDP, 5-year CAGR",driver_vs_usage,1985,World real GDP 5-year CAGR,Refined usage 5-year CAGR,0.026421721472009718,0.008414044036510138,0.019917763964383148,regression,5-year overlapping CAGRs from 1965-2024.
world_gdp_5y_cagr,"World GDP, 5-year CAGR",driver_vs_usage,1986,World real GDP 5-year CAGR,Refined usage 5-year CAGR,0.029260688561592696,0.012096159202880097,0.02258952637365407,regression,5-year overlapping CAGRs from 1965-2024.
world_gdp_5y_cagr,"World GDP, 5-year CAGR",driver_vs_usage,1987,World real GDP 5-year CAGR,Refined usage 5-year CAGR,0.036019286267717776,0.025169360677836705,0.028950067627149953,regression,5-year overlapping CAGRs from 1965-2024.
world_gdp_5y_cagr,"World GDP, 5-year CAGR",driver_vs_usage,1988,World real GDP 5-year CAGR,Refined usage 5-year CAGR,0.03993321986650278,0.02324704236371211,0.03263348498693072,regression,5-year overlapping CAGRs from 1965-2024.
world_gdp_5y_cagr,"World GDP, 5-year CAGR",driver_vs_usage,1989,World real GDP 5-year CAGR,Refined usage 5-year CAGR,0.03775969445330962,0.0221766154260723,0.030587972196073558,regression,5-year overlapping CAGRs from 1965-2024.
world_gdp_5y_cagr,"World GDP, 5-year CAGR",driver_vs_usage,1990,World real GDP 5-year CAGR,Refined usage 5-year CAGR,0.03584739120358438,0.02128317907956001,0.02878829654766967,regression,5-year overlapping CAGRs from 1965-2024.
world_gdp_5y_cagr,"World GDP, 5-year CAGR",driver_vs_usage,1991,World real GDP 5-year CAGR,Refined usage 5-year CAGR,0.031642395133065326,0.008765088677874955,0.024830959221158064,regression,5-year overlapping CAGRs from 1965-2024.
world_gdp_5y_cagr,"World GDP, 5-year CAGR",driver_vs_usage,1992,World real GDP 5-year CAGR,Refined usage 5-year CAGR,0.0282630718931578,0.010893829423676005,0.02165066564386027,regression,5-year overlapping CAGRs from 1965-2024.
world_gdp_5y_cagr,"World GDP, 5-year CAGR",driver_vs_usage,1993,World real GDP 5-year CAGR,Refined usage 5-year CAGR,0.02295325005062132,0.006001764680972466,0.01665357270436497,regression,5-year overlapping CAGRs from 1965-2024.
world_gdp_5y_cagr,"World GDP, 5-year CAGR",driver_vs_usage,1994,World real GDP 5-year CAGR,Refined usage 5-year CAGR,0.022514596304624934,0.008499705766012111,0.01624075404452937,regression,5-year overlapping CAGRs from 1965-2024.
world_gdp_5y_cagr,"World GDP, 5-year CAGR",driver_vs_usage,1995,World real GDP 5-year CAGR,Refined usage 5-year CAGR,0.02344814425723918,0.020406628915181635,0.017119319469327213,regression,5-year overlapping CAGRs from 1965-2024.
world_gdp_5y_cagr,"World GDP, 5-year CAGR",driver_vs_usage,1996,World real GDP 5-year CAGR,Refined usage 5-year CAGR,0.028178549398301556,0.03406556752426737,0.021571121211900027,regression,5-year overlapping CAGRs from 1965-2024.
world_gdp_5y_cagr,"World GDP, 5-year CAGR",driver_vs_usage,1997,World real GDP 5-year CAGR,Refined usage 5-year CAGR,0.03204508027398467,0.03781725910043798,0.025209927693962134,regression,5-year overlapping CAGRs from 1965-2024.
world_gdp_5y_cagr,"World GDP, 5-year CAGR",driver_vs_usage,1998,World real GDP 5-year CAGR,Refined usage 5-year CAGR,0.03390919431516126,0.041033031756118055,0.026964252300289752,regression,5-year overlapping CAGRs from 1965-2024.
world_gdp_5y_cagr,"World GDP, 5-year CAGR",driver_vs_usage,1999,World real GDP 5-year CAGR,Refined usage 5-year CAGR,0.03423359244110835,0.042333450138440476,0.027269544574273344,regression,5-year overlapping CAGRs from 1965-2024.
world_gdp_5y_cagr,"World GDP, 5-year CAGR",driver_vs_usage,2000,World real GDP 5-year CAGR,Refined usage 5-year CAGR,0.037003577026191614,0.04658597232119055,0.02987638729388109,regression,5-year overlapping CAGRs from 1965-2024.
world_gdp_5y_cagr,"World GDP, 5-year CAGR",driver_vs_usage,2001,World real GDP 5-year CAGR,Refined usage 5-year CAGR,0.0338686720469652,0.03646098284974508,0.026926116644085105,regression,5-year overlapping CAGRs from 1965-2024.
world_gdp_5y_cagr,"World GDP, 5-year CAGR",driver_vs_usage,2002,World real GDP 5-year CAGR,Refined usage 5-year CAGR,0.030510864976190932,0.029556482541990725,0.02376607201299479,regression,5-year overlapping CAGRs from 1965-2024.
world_gdp_5y_cagr,"World GDP, 5-year CAGR",driver_vs_usage,2003,World real GDP 5-year CAGR,Refined usage 5-year CAGR,0.03109755525756741,0.030796771048123617,0.024318208402816944,regression,5-year overlapping CAGRs from 1965-2024.
world_gdp_5y_cagr,"World GDP, 5-year CAGR",driver_vs_usage,2004,World real GDP 5-year CAGR,Refined usage 5-year CAGR,0.03291644830286056,0.033161974122695836,0.026029975362965956,regression,5-year overlapping CAGRs from 1965-2024.
world_gdp_5y_cagr,"World GDP, 5-year CAGR",driver_vs_usage,2005,World real GDP 5-year CAGR,Refined usage 5-year CAGR,0.03191078587000784,0.01823553394215649,0.02508354273457416,regression,5-year overlapping CAGRs from 1965-2024.
world_gdp_5y_cagr,"World GDP, 5-year CAGR",driver_vs_usage,2006,World real GDP 5-year CAGR,Refined usage 5-year CAGR,0.03683786395440514,0.025194290476033387,0.029720434110221967,regression,5-year overlapping CAGRs from 1965-2024.
world_gdp_5y_cagr,"World GDP, 5-year CAGR",driver_vs_usage,2007,World real GDP 5-year CAGR,Refined usage 5-year CAGR,0.04108393499274254,0.035606736797318295,0.03371642724059329,regression,5-year overlapping CAGRs from 1965-2024.
world_gdp_5y_cagr,"World GDP, 5-year CAGR",driver_vs_usage,2008,World real GDP 5-year CAGR,Refined usage 5-year CAGR,0.03909148811363461,0.027084144326270376,0.03184132812669278,regression,5-year overlapping CAGRs from 1965-2024.
world_gdp_5y_cagr,"World GDP, 5-year CAGR",driver_vs_usage,2009,World real GDP 5-year CAGR,Refined usage 5-year CAGR,0.027232429718820894,0.013113855920913409,0.020680724488534277,regression,5-year overlapping CAGRs from 1965-2024.
world_gdp_5y_cagr,"World GDP, 5-year CAGR",driver_vs_usage,2010,World real GDP 5-year CAGR,Refined usage 5-year CAGR,0.028142363120498004,0.02943786123404535,0.021537066172261945,regression,5-year overlapping CAGRs from 1965-2024.
world_gdp_5y_cagr,"World GDP, 5-year CAGR",driver_vs_usage,2011,World real GDP 5-year CAGR,Refined usage 5-year CAGR,0.025819924429691943,0.031022749377967562,0.019351410546066053,regression,5-year overlapping CAGRs from 1965-2024.
world_gdp_5y_cagr,"World GDP, 5-year CAGR",driver_vs_usage,2012,World real GDP 5-year CAGR,Refined usage 5-year CAGR,0.022490413481588423,0.02584530665867457,0.016217995500488445,regression,5-year overlapping CAGRs from 1965-2024.
world_gdp_5y_cagr,"World GDP, 5-year CAGR",driver_vs_usage,2013,World real GDP 5-year CAGR,Refined usage 5-year CAGR,0.024084185263348212,0.03670762117840898,0.017717900008394537,regression,5-year overlapping CAGRs from 1965-2024.
world_gdp_5y_cagr,"World GDP, 5-year CAGR",driver_vs_usage,2014,World real GDP 5-year CAGR,Refined usage 5-year CAGR,0.033262635324138756,0.05090858722422342,0.026355773246788707,regression,5-year overlapping CAGRs from 1965-2024.
world_gdp_5y_cagr,"World GDP, 5-year CAGR",driver_vs_usage,2015,World real GDP 5-year CAGR,Refined usage 5-year CAGR,0.030492399336823794,0.03788414845661903,0.023748693931612552,regression,5-year overlapping CAGRs from 1965-2024.
world_gdp_5y_cagr,"World GDP, 5-year CAGR",driver_vs_usage,2016,World real GDP 5-year CAGR,Refined usage 5-year CAGR,0.029443804040944377,0.03568787858385991,0.02276185702732125,regression,5-year overlapping CAGRs from 1965-2024.
world_gdp_5y_cagr,"World GDP, 5-year CAGR",driver_vs_usage,2017,World real GDP 5-year CAGR,Refined usage 5-year CAGR,0.030840991844300225,0.02948951101863795,0.02407675562737734,regression,5-year overlapping CAGRs from 1965-2024.
world_gdp_5y_cagr,"World GDP, 5-year CAGR",driver_vs_usage,2018,World real GDP 5-year CAGR,Refined usage 5-year CAGR,0.03163503341080687,0.027172811079045456,0.024824031077161676,regression,5-year overlapping CAGRs from 1965-2024.
world_gdp_5y_cagr,"World GDP, 5-year CAGR",driver_vs_usage,2019,World real GDP 5-year CAGR,Refined usage 5-year CAGR,0.03065686105319232,0.012309957711793773,0.023903469460067918,regression,5-year overlapping CAGRs from 1965-2024.
world_gdp_5y_cagr,"World GDP, 5-year CAGR",driver_vs_usage,2020,World real GDP 5-year CAGR,Refined usage 5-year CAGR,0.01834660828066137,0.016027450877662996,0.012318245127262203,regression,5-year overlapping CAGRs from 1965-2024.
world_gdp_5y_cagr,"World GDP, 5-year CAGR",driver_vs_usage,2021,World real GDP 5-year CAGR,Refined usage 5-year CAGR,0.02556555645534142,0.014662054460564233,0.019112023906296325,regression,5-year overlapping CAGRs from 1965-2024.
world_gdp_5y_cagr,"World GDP, 5-year CAGR",driver_vs_usage,2022,World real GDP 5-year CAGR,Refined usage 5-year CAGR,0.025552518749837105,0.01772853576075306,0.019099754073511933,regression,5-year overlapping CAGRs from 1965-2024.
world_gdp_5y_cagr,"World GDP, 5-year CAGR",driver_vs_usage,2023,World real GDP 5-year CAGR,Refined usage 5-year CAGR,0.024702670269162175,0.01678856489155378,0.018299958530768667,regression,5-year overlapping CAGRs from 1965-2024.
world_gdp_5y_cagr,"World GDP, 5-year CAGR",driver_vs_usage,2024,World real GDP 5-year CAGR,Refined usage 5-year CAGR,0.02514080589576717,0.02352306279010108,0.01871228958653217,regression,5-year overlapping CAGRs from 1965-2024.
world_gdp_growth_change,GDP slowdown test,driver_vs_usage,1962,Change in world real GDP growth,Change in refined usage growth,0.014073734745285282,-0.06624660946466121,0.018817241255134353,regression,Year-on-year changes in annual growth rates.
world_gdp_growth_change,GDP slowdown test,driver_vs_usage,1963,Change in world real GDP growth,Change in refined usage growth,-0.0030170580749602216,0.0899364516483343,-0.004494040573069358,regression,Year-on-year changes in annual growth rates.
world_gdp_growth_change,GDP slowdown test,driver_vs_usage,1964,Change in world real GDP growth,Change in refined usage growth,0.016102471525447415,0.00045958795562617283,0.021584371799340592,regression,Year-on-year changes in annual growth rates.
world_gdp_growth_change,GDP slowdown test,driver_vs_usage,1965,Change in world real GDP growth,Change in refined usage growth,-0.009987850491023353,-0.05697247706422037,-0.014001973194209077,regression,Year-on-year changes in annual growth rates.
world_gdp_growth_change,GDP slowdown test,driver_vs_usage,1966,Change in world real GDP growth,Change in refined usage growth,-0.002120621805363321,0.007663579922285946,-0.003271330852029232,regression,Year-on-year changes in annual growth rates.
world_gdp_growth_change,GDP slowdown test,driver_vs_usage,1967,Change in world real GDP growth,Change in refined usage growth,-0.01680819654074517,-0.07948086236155671,-0.02330470189750262,regression,Year-on-year changes in annual growth rates.
world_gdp_growth_change,GDP slowdown test,driver_vs_usage,1968,Change in world real GDP growth,Change in refined usage growth,0.022091569777618947,0.09173568363585594,0.029753305723095647,regression,Year-on-year changes in annual growth rates.
world_gdp_growth_change,GDP slowdown test,driver_vs_usage,1969,Change in world real GDP growth,Change in refined usage growth,0.00014091491442402848,0.041182544363725926,-0.00018666881239911504,regression,Year-on-year changes in annual growth rates.
world_gdp_growth_change,GDP slowdown test,driver_vs_usage,1970,Change in world real GDP growth,Change in refined usage growth,-0.021959502521600394,-0.07255077478724958,-0.030330914593778378,regression,Year-on-year changes in annual growth rates.
world_gdp_growth_change,GDP slowdown test,driver_vs_usage,1971,Change in world real GDP growth,Change in refined usage growth,0.003436142166657552,-0.020891916723516868,0.004307913268883732,regression,Year-on-year changes in annual growth rates.
world_gdp_growth_change,GDP slowdown test,driver_vs_usage,1972,Change in world real GDP growth,Change in refined usage growth,0.014287833334367006,0.08785588968134239,0.01910926472072763,regression,Year-on-year changes in annual growth rates.
world_gdp_growth_change,GDP slowdown test,driver_vs_usage,1973,Change in world real GDP growth,Change in refined usage growth,0.009199652383300005,0.01193680223285476,0.012169152498273307,regression,Year-on-year changes in annual growth rates.
world_gdp_growth_change,GDP slowdown test,driver_vs_usage,1974,Change in world real GDP growth,Change in refined usage growth,-0.044658199137649346,-0.14967755356771373,-0.0612911935881387,regression,Year-on-year changes in annual growth rates.
world_gdp_growth_change,GDP slowdown test,driver_vs_usage,1975,Change in world real GDP growth,Change in refined usage growth,-0.011774238214555144,-0.054892371408823415,-0.016438547560049095,regression,Year-on-year changes in annual growth rates.
world_gdp_growth_change,GDP slowdown test,driver_vs_usage,1976,Change in world real GDP growth,Change in refined usage growth,0.044067201043102244,0.2510357139682178,0.059727347253546274,regression,Year-on-year changes in annual growth rates.
world_gdp_growth_change,GDP slowdown test,driver_vs_usage,1977,Change in world real GDP growth,Change in refined usage growth,-0.012797546283390693,-0.08628141680910817,-0.017834306261274618,regression,Year-on-year changes in annual growth rates.
world_gdp_growth_change,GDP slowdown test,driver_vs_usage,1978,Change in world real GDP growth,Change in refined usage growth,0.0019566806252695468,-0.008769278092141342,0.0022899761662567375,regression,Year-on-year changes in annual growth rates.
world_gdp_growth_change,GDP slowdown test,driver_vs_usage,1979,Change in world real GDP growth,Change in refined usage growth,3.7605005829277616e-05,-0.018199850383675775,-0.0003275801451984561,regression,Year-on-year changes in annual growth rates.
world_gdp_growth_change,GDP slowdown test,driver_vs_usage,1980,Change in world real GDP growth,Change in refined usage growth,-0.023255489902405557,-0.0795913567979909,-0.03209859894859409,regression,Year-on-year changes in annual growth rates.
world_gdp_growth_change,GDP slowdown test,driver_vs_usage,1981,Change in world real GDP growth,Change in refined usage growth,0.0007284659043171882,0.059307605877537695,0.000614731500500048,regression,Year-on-year changes in annual growth rates.
world_gdp_growth_change,GDP slowdown test,driver_vs_usage,1982,Change in world real GDP growth,Change in refined usage growth,-0.014770752359078987,-0.05877858172363082,-0.02052569474273846,regression,Year-on-year changes in annual growth rates.
world_gdp_growth_change,GDP slowdown test,driver_vs_usage,1983,Change in world real GDP growth,Change in refined usage growth,0.0216577576702095,0.09157324049985327,0.029161600212258887,regression,Year-on-year changes in annual growth rates.
world_gdp_growth_change,GDP slowdown test,driver_vs_usage,1984,Change in world real GDP growth,Change in refined usage growth,0.02151244029897037,-0.0020405826071565603,0.028963392075800978,regression,Year-on-year changes in annual growth rates.
world_gdp_growth_change,GDP slowdown test,driver_vs_usage,1985,Change in world real GDP growth,Change in refined usage growth,-0.010681938532808521,-0.057457089214406176,-0.014948686557703449,regression,Year-on-year changes in annual growth rates.
world_gdp_growth_change,GDP slowdown test,driver_vs_usage,1986,Change in world real GDP growth,Change in refined usage growth,-0.003548783499713659,0.04534040796290517,-0.005219296642932046,regression,Year-on-year changes in annual growth rates.
world_gdp_growth_change,GDP slowdown test,driver_vs_usage,1987,Change in world real GDP growth,Change in refined usage growth,0.004463599264102003,-0.014147831286932755,0.005709331109286276,regression,Year-on-year changes in annual growth rates.
world_gdp_growth_change,GDP slowdown test,driver_vs_usage,1988,Change in world real GDP growth,Change in refined usage growth,0.007777679197866094,0.018533001643614266,0.010229627630911285,regression,Year-on-year changes in annual growth rates.
world_gdp_growth_change,GDP slowdown test,driver_vs_usage,1989,Change in world real GDP growth,Change in refined usage growth,-0.008909318622494,0.002281383801084891,-0.012530891038312593,regression,Year-on-year changes in annual growth rates.
world_gdp_growth_change,GDP slowdown test,driver_vs_usage,1990,Change in world real GDP growth,Change in refined usage growth,-0.009298866522336802,-0.056311600500348113,-0.013062221619306083,regression,Year-on-year changes in annual growth rates.
world_gdp_growth_change,GDP slowdown test,driver_vs_usage,1991,Change in world real GDP growth,Change in refined usage growth,-0.0148317534277278,-0.01207344750129924,-0.020608898203107462,regression,Year-on-year changes in annual growth rates.
world_gdp_growth_change,GDP slowdown test,driver_vs_usage,1992,Change in world real GDP growth,Change in refined usage growth,0.008380436250317924,0.05835616990166825,0.011051768515270805,regression,Year-on-year changes in annual growth rates.
world_gdp_growth_change,GDP slowdown test,driver_vs_usage,1993,Change in world real GDP growth,Change in refined usage growth,-0.002051979013372174,-0.017089229237652992,-0.003177704331222961,regression,Year-on-year changes in annual growth rates.
world_gdp_growth_change,GDP slowdown test,driver_vs_usage,1994,Change in world real GDP growth,Change in refined usage growth,0.015582005940462773,0.04007814126352227,0.02087447378225822,regression,Year-on-year changes in annual growth rates.
world_gdp_growth_change,GDP slowdown test,driver_vs_usage,1995,Change in world real GDP growth,Change in refined usage growth,-0.002381543689624399,-0.009891937766629999,-0.0036272197591810875,regression,Year-on-year changes in annual growth rates.
world_gdp_growth_change,GDP slowdown test,driver_vs_usage,1996,Change in world real GDP growth,Change in refined usage growth,0.004081608016464511,-0.004748045282949365,0.005188307554484515,regression,Year-on-year changes in annual growth rates.
world_gdp_growth_change,GDP slowdown test,driver_vs_usage,1997,Change in world real GDP growth,Change in refined usage growth,0.004105551383918327,0.010447822332427803,0.005220965523749168,regression,Year-on-year changes in annual growth rates.
world_gdp_growth_change,GDP slowdown test,driver_vs_usage,1998,Change in world real GDP growth,Change in refined usage growth,-0.01215536334338485,-0.020115937769006775,-0.016958389757155086,regression,Year-on-year changes in annual growth rates.
world_gdp_growth_change,GDP slowdown test,driver_vs_usage,1999,Change in world real GDP growth,Change in refined usage growth,0.007973153691529955,0.03089308237054178,0.010496248440135875,regression,Year-on-year changes in annual growth rates.
world_gdp_growth_change,GDP slowdown test,driver_vs_usage,2000,Change in world real GDP growth,Change in refined usage growth,0.0098863366897326,0.004948552269463002,0.013105767409156352,regression,Year-on-year changes in annual growth rates.
world_gdp_growth_change,GDP slowdown test,driver_vs_usage,2001,Change in world real GDP growth,Change in refined usage growth,-0.025372573842664448,-0.07537518352572159,-0.03498623212655161,regression,Year-on-year changes in annual growth rates.
world_gdp_growth_change,GDP slowdown test,driver_vs_usage,2002,Change in world real GDP growth,Change in refined usage growth,0.0028897087681782896,0.02522165903775553,0.0035625960044205,regression,Year-on-year changes in annual growth rates.
world_gdp_growth_change,GDP slowdown test,driver_vs_usage,2003,Change in world real GDP growth,Change in refined usage growth,0.00755247831220851,0.02051506499115696,0.009922460996294647,regression,Year-on-year changes in annual growth rates.
world_gdp_growth_change,GDP slowdown test,driver_vs_usage,2004,Change in world real GDP growth,Change in refined usage growth,0.014212154135974098,0.03688683186223418,0.01900604077197203,regression,Year-on-year changes in annual growth rates.
world_gdp_growth_change,GDP slowdown test,driver_vs_usage,2005,Change in world real GDP growth,Change in refined usage growth,-0.004362272036453341,-0.08186360569989604,-0.006328868372190148,regression,Year-on-year changes in annual growth rates.
world_gdp_growth_change,GDP slowdown test,driver_vs_usage,2006,Change in world real GDP growth,Change in refined usage growth,0.004299837115073313,0.03345946829831603,0.005485964899833551,regression,Year-on-year changes in annual growth rates.
world_gdp_growth_change,GDP slowdown test,driver_vs_usage,2007,Change in world real GDP growth,Change in refined usage growth,-0.0005790133705954048,0.04350364271036655,-0.0011686274216160689,regression,Year-on-year changes in annual growth rates.
world_gdp_growth_change,GDP slowdown test,driver_vs_usage,2008,Change in world real GDP growth,Change in refined usage growth,-0.023396292877036373,-0.07382119674876564,-0.03229064959588649,regression,Year-on-year changes in annual growth rates.
world_gdp_growth_change,GDP slowdown test,driver_vs_usage,2009,Change in world real GDP growth,Change in refined usage growth,-0.03424642622574248,0.007874273653475594,-0.047089876233615185,regression,Year-on-year changes in annual growth rates.
world_gdp_growth_change,GDP slowdown test,driver_vs_usage,2010,Change in world real GDP growth,Change in refined usage growth,0.058538902806629434,0.07123655618623048,0.07946627463342008,regression,Year-on-year changes in annual growth rates.
world_gdp_growth_change,GDP slowdown test,driver_vs_usage,2011,Change in world real GDP growth,Change in refined usage growth,-0.012065337456311775,-0.04090142973313382,-0.016835597394772195,regression,Year-on-year changes in annual growth rates.
world_gdp_growth_change,GDP slowdown test,driver_vs_usage,2012,Change in world real GDP growth,Change in refined usage growth,-0.00566884798671885,0.009124884014755752,-0.00811099518906387,regression,Year-on-year changes in annual growth rates.
world_gdp_growth_change,GDP slowdown test,driver_vs_usage,2013,Change in world real GDP growth,Change in refined usage growth,0.0014231406173841332,0.006295097254089388,0.0015622450644142518,regression,Year-on-year changes in annual growth rates.
world_gdp_growth_change,GDP slowdown test,driver_vs_usage,2014,Change in world real GDP growth,Change in refined usage growth,0.0027874427441045846,0.024610298412804044,0.003423108495929495,regression,Year-on-year changes in annual growth rates.
world_gdp_growth_change,GDP slowdown test,driver_vs_usage,2015,Change in world real GDP growth,Change in refined usage growth,-0.0004127867358456605,-0.06386190581719764,-0.0009418997343308452,regression,Year-on-year changes in annual growth rates.
world_gdp_growth_change,GDP slowdown test,driver_vs_usage,2016,Change in world real GDP growth,Change in refined usage growth,-0.0033747251465319206,0.01298031454468318,-0.004981886748127983,regression,Year-on-year changes in annual growth rates.
world_gdp_growth_change,GDP slowdown test,driver_vs_usage,2017,Change in world real GDP growth,Change in refined usage growth,0.006568454893336018,-0.01074685302410372,0.008580285271379403,regression,Year-on-year changes in annual growth rates.
world_gdp_growth_change,GDP slowdown test,driver_vs_usage,2018,Change in world real GDP growth,Change in refined usage growth,-0.0015995536705148972,0.025308854916706647,-0.0025606109766610646,regression,Year-on-year changes in annual growth rates.
world_gdp_growth_change,GDP slowdown test,driver_vs_usage,2019,Change in world real GDP growth,Change in refined usage growth,-0.006063221170749866,-0.038883223946370116,-0.008648907299702925,regression,Year-on-year changes in annual growth rates.
world_gdp_growth_change,GDP slowdown test,driver_vs_usage,2020,Change in world real GDP growth,Change in refined usage growth,-0.055665206021239255,0.029950749111462338,-0.07630439059117024,regression,Year-on-year changes in annual growth rates.
world_gdp_growth_change,GDP slowdown test,driver_vs_usage,2021,Change in world real GDP growth,Change in refined usage growth,0.09371300730538334,-0.012458722797199728,0.12744260151591763,regression,Year-on-year changes in annual growth rates.
world_gdp_growth_change,GDP slowdown test,driver_vs_usage,2022,Change in world real GDP growth,Change in refined usage growth,-0.030450779033109887,0.011411675256739473,-0.041912737738139735,regression,Year-on-year changes in annual growth rates.
world_gdp_growth_change,GDP slowdown test,driver_vs_usage,2023,Change in world real GDP growth,Change in refined usage growth,-0.005806260392967166,0.005214932574545861,-0.008298421212094913,regression,Year-on-year changes in annual growth rates.
world_gdp_growth_change,GDP slowdown test,driver_vs_usage,2024,Change in world real GDP growth,Change in refined usage growth,0.000406284682074487,-0.0007360012702317675,0.00017528686206537202,regression,Year-on-year changes in annual growth rates.
multivariate_macro,Multivariate macro diagnostic,actual_vs_fitted,1992,Fitted refined usage growth,Actual refined usage growth,0.035131853360523574,0.028685032661175835,0.035131853360523574,actual_equals_fitted,Multivariate model shown as actual versus fitted because there is no single x-axis driver.
multivariate_macro,Multivariate macro diagnostic,actual_vs_fitted,1993,Fitted refined usage growth,Actual refined usage growth,0.02758457389266401,0.011595803423522844,0.02758457389266401,actual_equals_fitted,Multivariate model shown as actual versus fitted because there is no single x-axis driver.
multivariate_macro,Multivariate macro diagnostic,actual_vs_fitted,1994,Fitted refined usage growth,Actual refined usage growth,0.04157561644768536,0.051673944687045115,0.04157561644768536,actual_equals_fitted,Multivariate model shown as actual versus fitted because there is no single x-axis driver.
multivariate_macro,Multivariate macro diagnostic,actual_vs_fitted,1995,Fitted refined usage growth,Actual refined usage growth,0.03902072791388071,0.041782006920415116,0.03902072791388071,actual_equals_fitted,Multivariate model shown as actual versus fitted because there is no single x-axis driver.
multivariate_macro,Multivariate macro diagnostic,actual_vs_fitted,1996,Fitted refined usage growth,Actual refined usage growth,0.03605904677500947,0.03703396163746575,0.03605904677500947,actual_equals_fitted,Multivariate model shown as actual versus fitted because there is no single x-axis driver.
multivariate_macro,Multivariate macro diagnostic,actual_vs_fitted,1997,Fitted refined usage growth,Actual refined usage growth,0.03414395572391617,0.047481783969893554,0.03414395572391617,actual_equals_fitted,Multivariate model shown as actual versus fitted because there is no single x-axis driver.
multivariate_macro,Multivariate macro diagnostic,actual_vs_fitted,1998,Fitted refined usage growth,Actual refined usage growth,0.029369172048858933,0.02736584620088678,0.029369172048858933,actual_equals_fitted,Multivariate model shown as actual versus fitted because there is no single x-axis driver.
multivariate_macro,Multivariate macro diagnostic,actual_vs_fitted,1999,Fitted refined usage growth,Actual refined usage growth,0.036256607899577104,0.05825892857142856,0.036256607899577104,actual_equals_fitted,Multivariate model shown as actual versus fitted because there is no single x-axis driver.
multivariate_macro,Multivariate macro diagnostic,actual_vs_fitted,2000,Fitted refined usage growth,Actual refined usage growth,0.042031682513998025,0.06320748084089156,0.042031682513998025,actual_equals_fitted,Multivariate model shown as actual versus fitted because there is no single x-axis driver.
multivariate_macro,Multivariate macro diagnostic,actual_vs_fitted,2001,Fitted refined usage growth,Actual refined usage growth,0.024125762320549592,-0.012167702684830028,0.024125762320549592,actual_equals_fitted,Multivariate model shown as actual versus fitted because there is no single x-axis driver.
multivariate_macro,Multivariate macro diagnostic,actual_vs_fitted,2002,Fitted refined usage growth,Actual refined usage growth,0.026679598357018514,0.0130539563529255,0.026679598357018514,actual_equals_fitted,Multivariate model shown as actual versus fitted because there is no single x-axis driver.
multivariate_macro,Multivariate macro diagnostic,actual_vs_fitted,2003,Fitted refined usage growth,Actual refined usage growth,0.032122234447205855,0.03356902134408246,0.032122234447205855,actual_equals_fitted,Multivariate model shown as actual versus fitted because there is no single x-axis driver.
multivariate_macro,Multivariate macro diagnostic,actual_vs_fitted,2004,Fitted refined usage growth,Actual refined usage growth,0.039456018387688974,0.07045585320631664,0.039456018387688974,actual_equals_fitted,Multivariate model shown as actual versus fitted because there is no single x-axis driver.
multivariate_macro,Multivariate macro diagnostic,actual_vs_fitted,2005,Fitted refined usage growth,Actual refined usage growth,0.03803951649944981,-0.011407752493579393,0.03803951649944981,actual_equals_fitted,Multivariate model shown as actual versus fitted because there is no single x-axis driver.
multivariate_macro,Multivariate macro diagnostic,actual_vs_fitted,2006,Fitted refined usage growth,Actual refined usage growth,0.039986522644754316,0.022051715804736638,0.039986522644754316,actual_equals_fitted,Multivariate model shown as actual versus fitted because there is no single x-axis driver.
multivariate_macro,Multivariate macro diagnostic,actual_vs_fitted,2007,Fitted refined usage growth,Actual refined usage growth,0.03643709493530209,0.06555535851510319,0.03643709493530209,actual_equals_fitted,Multivariate model shown as actual versus fitted because there is no single x-axis driver.
multivariate_macro,Multivariate macro diagnostic,actual_vs_fitted,2008,Fitted refined usage growth,Actual refined usage growth,0.030356412660131855,-0.008265838233662448,0.030356412660131855,actual_equals_fitted,Multivariate model shown as actual versus fitted because there is no single x-axis driver.
multivariate_macro,Multivariate macro diagnostic,actual_vs_fitted,2009,Fitted refined usage growth,Actual refined usage growth,0.006382192295606052,-0.0003915645801868539,0.006382192295606052,actual_equals_fitted,Multivariate model shown as actual versus fitted because there is no single x-axis driver.
multivariate_macro,Multivariate macro diagnostic,actual_vs_fitted,2010,Fitted refined usage growth,Actual refined usage growth,0.041397244670453845,0.07084499160604363,0.041397244670453845,actual_equals_fitted,Multivariate model shown as actual versus fitted because there is no single x-axis driver.
multivariate_macro,Multivariate macro diagnostic,actual_vs_fitted,2011,Fitted refined usage growth,Actual refined usage growth,0.035415889726814115,0.029943561872909807,0.035415889726814115,actual_equals_fitted,Multivariate model shown as actual versus fitted because there is no single x-axis driver.
multivariate_macro,Multivariate macro diagnostic,actual_vs_fitted,2012,Fitted refined usage growth,Actual refined usage growth,0.029996131430500488,0.03906844588766556,0.029996131430500488,actual_equals_fitted,Multivariate model shown as actual versus fitted because there is no single x-axis driver.
multivariate_macro,Multivariate macro diagnostic,actual_vs_fitted,2013,Fitted refined usage growth,Actual refined usage growth,0.027576520565495404,0.04536354314175495,0.027576520565495404,actual_equals_fitted,Multivariate model shown as actual versus fitted because there is no single x-axis driver.
multivariate_macro,Multivariate macro diagnostic,actual_vs_fitted,2014,Fitted refined usage growth,Actual refined usage growth,0.02861300566306688,0.06997384155455899,0.02861300566306688,actual_equals_fitted,Multivariate model shown as actual versus fitted because there is no single x-axis driver.
multivariate_macro,Multivariate macro diagnostic,actual_vs_fitted,2015,Fitted refined usage growth,Actual refined usage growth,0.02299861530062441,0.006111935737361351,0.02299861530062441,actual_equals_fitted,Multivariate model shown as actual versus fitted because there is no single x-axis driver.
multivariate_macro,Multivariate macro diagnostic,actual_vs_fitted,2016,Fitted refined usage growth,Actual refined usage growth,0.023565978668887367,0.01909225028204453,0.023565978668887367,actual_equals_fitted,Multivariate model shown as actual versus fitted because there is no single x-axis driver.
multivariate_macro,Multivariate macro diagnostic,actual_vs_fitted,2017,Fitted refined usage growth,Actual refined usage growth,0.031917787427637165,0.008345397257940812,0.031917787427637165,actual_equals_fitted,Multivariate model shown as actual versus fitted because there is no single x-axis driver.
multivariate_macro,Multivariate macro diagnostic,actual_vs_fitted,2018,Fitted refined usage growth,Actual refined usage growth,0.02982925831580351,0.03365425217464746,0.02982925831580351,actual_equals_fitted,Multivariate model shown as actual versus fitted because there is no single x-axis driver.
multivariate_macro,Multivariate macro diagnostic,actual_vs_fitted,2019,Fitted refined usage growth,Actual refined usage growth,0.01957397161236939,-0.005228971771722657,0.01957397161236939,actual_equals_fitted,Multivariate model shown as actual versus fitted because there is no single x-axis driver.
multivariate_macro,Multivariate macro diagnostic,actual_vs_fitted,2020,Fitted refined usage growth,Actual refined usage growth,-0.0017361942359406246,0.02472177733973968,-0.0017361942359406246,actual_equals_fitted,Multivariate model shown as actual versus fitted because there is no single x-axis driver.
multivariate_macro,Multivariate macro diagnostic,actual_vs_fitted,2021,Fitted refined usage growth,Actual refined usage growth,0.038320782675294734,0.012263054542539953,0.038320782675294734,actual_equals_fitted,Multivariate model shown as actual versus fitted because there is no single x-axis driver.
multivariate_macro,Multivariate macro diagnostic,actual_vs_fitted,2022,Fitted refined usage growth,Actual refined usage growth,0.02220484827241063,0.023674729799279426,0.02220484827241063,actual_equals_fitted,Multivariate model shown as actual versus fitted because there is no single x-axis driver.
multivariate_macro,Multivariate macro diagnostic,actual_vs_fitted,2023,Fitted refined usage growth,Actual refined usage growth,0.013602672901228054,0.028889662373825287,0.013602672901228054,actual_equals_fitted,Multivariate model shown as actual versus fitted because there is no single x-axis driver.
multivariate_macro,Multivariate macro diagnostic,actual_vs_fitted,2024,Fitted refined usage growth,Actual refined usage growth,0.016374866927349508,0.02815366110359352,0.016374866927349508,actual_equals_fitted,Multivariate model shown as actual versus fitted because there is no single x-axis driver.
